item_num,correct_response,andalusian,argentine,castilian,chilean,cuban,mexican,peruvian,puertorican
1,0,./stim/wavs/andalusian_match_declarative-broad-focus_Ana-lleva-el-abrigo.wav,./stim/wavs/argentine_match_declarative-broad-focus_Ana-lleva-el-abrigo.wav,./stim/wavs/castilian_match_declarative-broad-focus_Ana-lleva-el-abrigo.wav,./stim/wavs/chilean_match_declarative-broad-focus_Ana-lleva-el-abrigo.wav,./stim/wavs/cuban_match_declarative-broad-focus_Ana-lleva-el-abrigo.wav,./stim/wavs/mexican_match_declarative-broad-focus_Ana-lleva-el-abrigo.wav,./stim/wavs/peruvian_match_declarative-broad-focus_Ana-lleva-el-abrigo.wav,./stim/wavs/puertorican_match_declarative-broad-focus_Ana-lleva-el-abrigo.wav
2,0,./stim/wavs/andalusian_match_declarative-broad-focus_Daniel-iba-a-Bolivia.wav,./stim/wavs/argentine_match_declarative-broad-focus_Daniel-iba-a-Bolivia.wav,./stim/wavs/castilian_match_declarative-broad-focus_Daniel-iba-a-Bolivia.wav,./stim/wavs/chilean_match_declarative-broad-focus_Daniel-iba-a-Bolivia.wav,./stim/wavs/cuban_match_declarative-broad-focus_Daniel-iba-a-Bolivia.wav,./stim/wavs/mexican_match_declarative-broad-focus_Daniel-iba-a-Bolivia.wav,./stim/wavs/peruvian_match_declarative-broad-focus_Daniel-iba-a-Bolivia.wav,./stim/wavs/puertorican_match_declarative-broad-focus_Daniel-iba-a-Bolivia.wav
3,0,./stim/wavs/andalusian_match_declarative-broad-focus_David-leia-el-libro.wav,./stim/wavs/argentine_match_declarative-broad-focus_David-leia-el-libro.wav,./stim/wavs/castilian_match_declarative-broad-focus_David-leia-el-libro.wav,./stim/wavs/chilean_match_declarative-broad-focus_David-leia-el-libro.wav,./stim/wavs/cuban_match_declarative-broad-focus_David-leia-el-libro.wav,./stim/wavs/mexican_match_declarative-broad-focus_David-leia-el-libro.wav,./stim/wavs/peruvian_match_declarative-broad-focus_David-leia-el-libro.wav,./stim/wavs/puertorican_match_declarative-broad-focus_David-leia-el-libro.wav
4,0,./stim/wavs/andalusian_match_declarative-broad-focus_Emilio-ama-la-marcha.wav,./stim/wavs/argentine_match_declarative-broad-focus_Emilio-ama-la-marcha.wav,./stim/wavs/castilian_match_declarative-broad-focus_Emilio-ama-la-marcha.wav,./stim/wavs/chilean_match_declarative-broad-focus_Emilio-ama-la-marcha.wav,./stim/wavs/cuban_match_declarative-broad-focus_Emilio-ama-la-marcha.wav,./stim/wavs/mexican_match_declarative-broad-focus_Emilio-ama-la-marcha.wav,./stim/wavs/peruvian_match_declarative-broad-focus_Emilio-ama-la-marcha.wav,./stim/wavs/puertorican_match_declarative-broad-focus_Emilio-ama-la-marcha.wav
5,0,./stim/wavs/andalusian_match_declarative-broad-focus_Manuela-vende-el-carro.wav,./stim/wavs/argentine_match_declarative-broad-focus_Manuela-vende-el-carro.wav,./stim/wavs/castilian_match_declarative-broad-focus_Manuela-vende-el-carro.wav,./stim/wavs/chilean_match_declarative-broad-focus_Manuela-vende-el-carro.wav,./stim/wavs/cuban_match_declarative-broad-focus_Manuela-vende-el-carro.wav,./stim/wavs/mexican_match_declarative-broad-focus_Manuela-vende-el-carro.wav,./stim/wavs/peruvian_match_declarative-broad-focus_Manuela-vende-el-carro.wav,./stim/wavs/puertorican_match_declarative-broad-focus_Manuela-vende-el-carro.wav
6,0,./stim/wavs/andalusian_match_declarative-broad-focus_Maria-bebe-el-vino.wav,./stim/wavs/argentine_match_declarative-broad-focus_Maria-bebe-el-vino.wav,./stim/wavs/castilian_match_declarative-broad-focus_Maria-bebe-el-vino.wav,./stim/wavs/chilean_match_declarative-broad-focus_Maria-bebe-el-vino.wav,./stim/wavs/cuban_match_declarative-broad-focus_Maria-bebe-el-vino.wav,./stim/wavs/mexican_match_declarative-broad-focus_Maria-bebe-el-vino.wav,./stim/wavs/peruvian_match_declarative-broad-focus_Maria-bebe-el-vino.wav,./stim/wavs/puertorican_match_declarative-broad-focus_Maria-bebe-el-vino.wav
7,0,./stim/wavs/andalusian_match_declarative-broad-focus_Mariano-habla-del-tiempo.wav,./stim/wavs/argentine_match_declarative-broad-focus_Mariano-habla-del-tiempo.wav,./stim/wavs/castilian_match_declarative-broad-focus_Mariano-habla-del-tiempo.wav,./stim/wavs/chilean_match_declarative-broad-focus_Mariano-habla-del-tiempo.wav,./stim/wavs/cuban_match_declarative-broad-focus_Mariano-habla-del-tiempo.wav,./stim/wavs/mexican_match_declarative-broad-focus_Mariano-habla-del-tiempo.wav,./stim/wavs/peruvian_match_declarative-broad-focus_Mariano-habla-del-tiempo.wav,./stim/wavs/puertorican_match_declarative-broad-focus_Mariano-habla-del-tiempo.wav
8,0,./stim/wavs/andalusian_match_declarative-broad-focus_Marta-abre-el-regalo.wav,./stim/wavs/argentine_match_declarative-broad-focus_Marta-abre-el-regalo.wav,./stim/wavs/castilian_match_declarative-broad-focus_Marta-abre-el-regalo.wav,./stim/wavs/chilean_match_declarative-broad-focus_Marta-abre-el-regalo.wav,./stim/wavs/cuban_match_declarative-broad-focus_Marta-abre-el-regalo.wav,./stim/wavs/mexican_match_declarative-broad-focus_Marta-abre-el-regalo.wav,./stim/wavs/peruvian_match_declarative-broad-focus_Marta-abre-el-regalo.wav,./stim/wavs/puertorican_match_declarative-broad-focus_Marta-abre-el-regalo.wav
9,0,./stim/wavs/andalusian_match_declarative-narrow-focus_Ana-lleva-el-abrigo.wav,./stim/wavs/argentine_match_declarative-narrow-focus_Ana-lleva-el-abrigo.wav,./stim/wavs/castilian_match_declarative-narrow-focus_Ana-lleva-el-abrigo.wav,./stim/wavs/chilean_match_declarative-narrow-focus_Ana-lleva-el-abrigo.wav,./stim/wavs/cuban_match_declarative-narrow-focus_Ana-lleva-el-abrigo.wav,./stim/wavs/mexican_match_declarative-narrow-focus_Ana-lleva-el-abrigo.wav,./stim/wavs/peruvian_match_declarative-narrow-focus_Ana-lleva-el-abrigo.wav,./stim/wavs/puertorican_match_declarative-narrow-focus_Ana-lleva-el-abrigo.wav
10,0,./stim/wavs/andalusian_match_declarative-narrow-focus_Daniel-iba-a-Bolivia.wav,./stim/wavs/argentine_match_declarative-narrow-focus_Daniel-iba-a-Bolivia.wav,./stim/wavs/castilian_match_declarative-narrow-focus_Daniel-iba-a-Bolivia.wav,./stim/wavs/chilean_match_declarative-narrow-focus_Daniel-iba-a-Bolivia.wav,./stim/wavs/cuban_match_declarative-narrow-focus_Daniel-iba-a-Bolivia.wav,./stim/wavs/mexican_match_declarative-narrow-focus_Daniel-iba-a-Bolivia.wav,./stim/wavs/peruvian_match_declarative-narrow-focus_Daniel-iba-a-Bolivia.wav,./stim/wavs/puertorican_match_declarative-narrow-focus_Daniel-iba-a-Bolivia.wav
11,0,./stim/wavs/andalusian_match_declarative-narrow-focus_David-leia-el-libro.wav,./stim/wavs/argentine_match_declarative-narrow-focus_David-leia-el-libro.wav,./stim/wavs/castilian_match_declarative-narrow-focus_David-leia-el-libro.wav,./stim/wavs/chilean_match_declarative-narrow-focus_David-leia-el-libro.wav,./stim/wavs/cuban_match_declarative-narrow-focus_David-leia-el-libro.wav,./stim/wavs/mexican_match_declarative-narrow-focus_David-leia-el-libro.wav,./stim/wavs/peruvian_match_declarative-narrow-focus_David-leia-el-libro.wav,./stim/wavs/puertorican_match_declarative-narrow-focus_David-leia-el-libro.wav
12,0,./stim/wavs/andalusian_match_declarative-narrow-focus_Emilio-ama-la-marcha.wav,./stim/wavs/argentine_match_declarative-narrow-focus_Emilio-ama-la-marcha.wav,./stim/wavs/castilian_match_declarative-narrow-focus_Emilio-ama-la-marcha.wav,./stim/wavs/chilean_match_declarative-narrow-focus_Emilio-ama-la-marcha.wav,./stim/wavs/cuban_match_declarative-narrow-focus_Emilio-ama-la-marcha.wav,./stim/wavs/mexican_match_declarative-narrow-focus_Emilio-ama-la-marcha.wav,./stim/wavs/peruvian_match_declarative-narrow-focus_Emilio-ama-la-marcha.wav,./stim/wavs/puertorican_match_declarative-narrow-focus_Emilio-ama-la-marcha.wav
13,0,./stim/wavs/andalusian_match_declarative-narrow-focus_Manuela-vende-el-carro.wav,./stim/wavs/argentine_match_declarative-narrow-focus_Manuela-vende-el-carro.wav,./stim/wavs/castilian_match_declarative-narrow-focus_Manuela-vende-el-carro.wav,./stim/wavs/chilean_match_declarative-narrow-focus_Manuela-vende-el-carro.wav,./stim/wavs/cuban_match_declarative-narrow-focus_Manuela-vende-el-carro.wav,./stim/wavs/mexican_match_declarative-narrow-focus_Manuela-vende-el-carro.wav,./stim/wavs/peruvian_match_declarative-narrow-focus_Manuela-vende-el-carro.wav,./stim/wavs/puertorican_match_declarative-narrow-focus_Manuela-vende-el-carro.wav
14,0,./stim/wavs/andalusian_match_declarative-narrow-focus_Maria-bebe-el-vino.wav,./stim/wavs/argentine_match_declarative-narrow-focus_Maria-bebe-el-vino.wav,./stim/wavs/castilian_match_declarative-narrow-focus_Maria-bebe-el-vino.wav,./stim/wavs/chilean_match_declarative-narrow-focus_Maria-bebe-el-vino.wav,./stim/wavs/cuban_match_declarative-narrow-focus_Maria-bebe-el-vino.wav,./stim/wavs/mexican_match_declarative-narrow-focus_Maria-bebe-el-vino.wav,./stim/wavs/peruvian_match_declarative-narrow-focus_Maria-bebe-el-vino.wav,./stim/wavs/puertorican_match_declarative-narrow-focus_Maria-bebe-el-vino.wav
15,0,./stim/wavs/andalusian_match_declarative-narrow-focus_Mariano-habla-del-tiempo.wav,./stim/wavs/argentine_match_declarative-narrow-focus_Mariano-habla-del-tiempo.wav,./stim/wavs/castilian_match_declarative-narrow-focus_Mariano-habla-del-tiempo.wav,./stim/wavs/chilean_match_declarative-narrow-focus_Mariano-habla-del-tiempo.wav,./stim/wavs/cuban_match_declarative-narrow-focus_Mariano-habla-del-tiempo.wav,./stim/wavs/mexican_match_declarative-narrow-focus_Mariano-habla-del-tiempo.wav,./stim/wavs/peruvian_match_declarative-narrow-focus_Mariano-habla-del-tiempo.wav,./stim/wavs/puertorican_match_declarative-narrow-focus_Mariano-habla-del-tiempo.wav
16,0,./stim/wavs/andalusian_match_declarative-narrow-focus_Marta-abre-el-regalo.wav,./stim/wavs/argentine_match_declarative-narrow-focus_Marta-abre-el-regalo.wav,./stim/wavs/castilian_match_declarative-narrow-focus_Marta-abre-el-regalo.wav,./stim/wavs/chilean_match_declarative-narrow-focus_Marta-abre-el-regalo.wav,./stim/wavs/cuban_match_declarative-narrow-focus_Marta-abre-el-regalo.wav,./stim/wavs/mexican_match_declarative-narrow-focus_Marta-abre-el-regalo.wav,./stim/wavs/peruvian_match_declarative-narrow-focus_Marta-abre-el-regalo.wav,./stim/wavs/puertorican_match_declarative-narrow-focus_Marta-abre-el-regalo.wav
17,1,./stim/wavs/andalusian_match_interrogative-partial-wh_Cuando-bebia-el-vino.wav,./stim/wavs/argentine_match_interrogative-partial-wh_Cuando-bebia-el-vino.wav,./stim/wavs/castilian_match_interrogative-partial-wh_Cuando-bebia-el-vino.wav,./stim/wavs/chilean_match_interrogative-partial-wh_Cuando-bebia-el-vino.wav,./stim/wavs/cuban_match_interrogative-partial-wh_Cuando-bebia-el-vino.wav,./stim/wavs/mexican_match_interrogative-partial-wh_Cuando-bebia-el-vino.wav,./stim/wavs/peruvian_match_interrogative-partial-wh_Cuando-bebia-el-vino.wav,./stim/wavs/puertorican_match_interrogative-partial-wh_Cuando-bebia-el-vino.wav
18,1,./stim/wavs/andalusian_match_interrogative-partial-wh_Cuando-leia-el-libro.wav,./stim/wavs/argentine_match_interrogative-partial-wh_Cuando-leia-el-libro.wav,./stim/wavs/castilian_match_interrogative-partial-wh_Cuando-leia-el-libro.wav,./stim/wavs/chilean_match_interrogative-partial-wh_Cuando-leia-el-libro.wav,./stim/wavs/cuban_match_interrogative-partial-wh_Cuando-leia-el-libro.wav,./stim/wavs/mexican_match_interrogative-partial-wh_Cuando-leia-el-libro.wav,./stim/wavs/peruvian_match_interrogative-partial-wh_Cuando-leia-el-libro.wav,./stim/wavs/puertorican_match_interrogative-partial-wh_Cuando-leia-el-libro.wav
19,1,./stim/wavs/andalusian_match_interrogative-partial-wh_Cuando-lleva-el-abrigo.wav,./stim/wavs/argentine_match_interrogative-partial-wh_Cuando-lleva-el-abrigo.wav,./stim/wavs/castilian_match_interrogative-partial-wh_Cuando-lleva-el-abrigo.wav,./stim/wavs/chilean_match_interrogative-partial-wh_Cuando-lleva-el-abrigo.wav,./stim/wavs/cuban_match_interrogative-partial-wh_Cuando-lleva-el-abrigo.wav,./stim/wavs/mexican_match_interrogative-partial-wh_Cuando-lleva-el-abrigo.wav,./stim/wavs/peruvian_match_interrogative-partial-wh_Cuando-lleva-el-abrigo.wav,./stim/wavs/puertorican_match_interrogative-partial-wh_Cuando-lleva-el-abrigo.wav
20,1,./stim/wavs/andalusian_match_interrogative-partial-wh_Cuando-vendia-el-carro.wav,./stim/wavs/argentine_match_interrogative-partial-wh_Cuando-vendia-el-carro.wav,./stim/wavs/castilian_match_interrogative-partial-wh_Cuando-vendia-el-carro.wav,./stim/wavs/chilean_match_interrogative-partial-wh_Cuando-vendia-el-carro.wav,./stim/wavs/cuban_match_interrogative-partial-wh_Cuando-vendia-el-carro.wav,./stim/wavs/mexican_match_interrogative-partial-wh_Cuando-vendia-el-carro.wav,./stim/wavs/peruvian_match_interrogative-partial-wh_Cuando-vendia-el-carro.wav,./stim/wavs/puertorican_match_interrogative-partial-wh_Cuando-vendia-el-carro.wav
21,1,./stim/wavs/andalusian_match_interrogative-partial-wh_Por-que-abre-el-regalo.wav,./stim/wavs/argentine_match_interrogative-partial-wh_Por-que-abre-el-regalo.wav,./stim/wavs/castilian_match_interrogative-partial-wh_Por-que-abre-el-regalo.wav,./stim/wavs/chilean_match_interrogative-partial-wh_Por-que-abre-el-regalo.wav,./stim/wavs/cuban_match_interrogative-partial-wh_Por-que-abre-el-regalo.wav,./stim/wavs/mexican_match_interrogative-partial-wh_Por-que-abre-el-regalo.wav,./stim/wavs/peruvian_match_interrogative-partial-wh_Por-que-abre-el-regalo.wav,./stim/wavs/puertorican_match_interrogative-partial-wh_Por-que-abre-el-regalo.wav
22,1,./stim/wavs/andalusian_match_interrogative-partial-wh_Por-que-ama-la-navidad.wav,./stim/wavs/argentine_match_interrogative-partial-wh_Por-que-ama-la-navidad.wav,./stim/wavs/castilian_match_interrogative-partial-wh_Por-que-ama-la-navidad.wav,./stim/wavs/chilean_match_interrogative-partial-wh_Por-que-ama-la-navidad.wav,./stim/wavs/cuban_match_interrogative-partial-wh_Por-que-ama-la-navidad.wav,./stim/wavs/mexican_match_interrogative-partial-wh_Por-que-ama-la-navidad.wav,./stim/wavs/peruvian_match_interrogative-partial-wh_Por-que-ama-la-navidad.wav,./stim/wavs/puertorican_match_interrogative-partial-wh_Por-que-ama-la-navidad.wav
23,1,./stim/wavs/andalusian_match_interrogative-partial-wh_Por-que-hablaba-del-agua.wav,./stim/wavs/argentine_match_interrogative-partial-wh_Por-que-hablaba-del-agua.wav,./stim/wavs/castilian_match_interrogative-partial-wh_Por-que-hablaba-del-agua.wav,./stim/wavs/chilean_match_interrogative-partial-wh_Por-que-hablaba-del-agua.wav,./stim/wavs/cuban_match_interrogative-partial-wh_Por-que-hablaba-del-agua.wav,./stim/wavs/mexican_match_interrogative-partial-wh_Por-que-hablaba-del-agua.wav,./stim/wavs/peruvian_match_interrogative-partial-wh_Por-que-hablaba-del-agua.wav,./stim/wavs/puertorican_match_interrogative-partial-wh_Por-que-hablaba-del-agua.wav
24,1,./stim/wavs/andalusian_match_interrogative-partial-wh_Por-que-iba-a-Bolivia.wav,./stim/wavs/argentine_match_interrogative-partial-wh_Por-que-iba-a-Bolivia.wav,./stim/wavs/castilian_match_interrogative-partial-wh_Por-que-iba-a-Bolivia.wav,./stim/wavs/chilean_match_interrogative-partial-wh_Por-que-iba-a-Bolivia.wav,./stim/wavs/cuban_match_interrogative-partial-wh_Por-que-iba-a-Bolivia.wav,./stim/wavs/mexican_match_interrogative-partial-wh_Por-que-iba-a-Bolivia.wav,./stim/wavs/peruvian_match_interrogative-partial-wh_Por-que-iba-a-Bolivia.wav,./stim/wavs/puertorican_match_interrogative-partial-wh_Por-que-iba-a-Bolivia.wav
25,1,./stim/wavs/andalusian_match_interrogative-total-yn_Ana-lleva-el-abrigo.wav,./stim/wavs/argentine_match_interrogative-total-yn_Ana-lleva-el-abrigo.wav,./stim/wavs/castilian_match_interrogative-total-yn_Ana-lleva-el-abrigo.wav,./stim/wavs/chilean_match_interrogative-total-yn_Ana-lleva-el-abrigo.wav,./stim/wavs/cuban_match_interrogative-total-yn_Ana-lleva-el-abrigo.wav,./stim/wavs/mexican_match_interrogative-total-yn_Ana-lleva-el-abrigo.wav,./stim/wavs/peruvian_match_interrogative-total-yn_Ana-lleva-el-abrigo.wav,./stim/wavs/puertorican_match_interrogative-total-yn_Ana-lleva-el-abrigo.wav
26,1,./stim/wavs/andalusian_match_interrogative-total-yn_Daniel-iba-a-Bolivia.wav,./stim/wavs/argentine_match_interrogative-total-yn_Daniel-iba-a-Bolivia.wav,./stim/wavs/castilian_match_interrogative-total-yn_Daniel-iba-a-Bolivia.wav,./stim/wavs/chilean_match_interrogative-total-yn_Daniel-iba-a-Bolivia.wav,./stim/wavs/cuban_match_interrogative-total-yn_Daniel-iba-a-Bolivia.wav,./stim/wavs/mexican_match_interrogative-total-yn_Daniel-iba-a-Bolivia.wav,./stim/wavs/peruvian_match_interrogative-total-yn_Daniel-iba-a-Bolivia.wav,./stim/wavs/puertorican_match_interrogative-total-yn_Daniel-iba-a-Bolivia.wav
27,1,./stim/wavs/andalusian_match_interrogative-total-yn_David-leia-el-libro.wav,./stim/wavs/argentine_match_interrogative-total-yn_David-leia-el-libro.wav,./stim/wavs/castilian_match_interrogative-total-yn_David-leia-el-libro.wav,./stim/wavs/chilean_match_interrogative-total-yn_David-leia-el-libro.wav,./stim/wavs/cuban_match_interrogative-total-yn_David-leia-el-libro.wav,./stim/wavs/mexican_match_interrogative-total-yn_David-leia-el-libro.wav,./stim/wavs/peruvian_match_interrogative-total-yn_David-leia-el-libro.wav,./stim/wavs/puertorican_match_interrogative-total-yn_David-leia-el-libro.wav
28,1,./stim/wavs/andalusian_match_interrogative-total-yn_Emilio-ama-la-marcha.wav,./stim/wavs/argentine_match_interrogative-total-yn_Emilio-ama-la-marcha.wav,./stim/wavs/castilian_match_interrogative-total-yn_Emilio-ama-la-marcha.wav,./stim/wavs/chilean_match_interrogative-total-yn_Emilio-ama-la-marcha.wav,./stim/wavs/cuban_match_interrogative-total-yn_Emilio-ama-la-marcha.wav,./stim/wavs/mexican_match_interrogative-total-yn_Emilio-ama-la-marcha.wav,./stim/wavs/peruvian_match_interrogative-total-yn_Emilio-ama-la-marcha.wav,./stim/wavs/puertorican_match_interrogative-total-yn_Emilio-ama-la-marcha.wav
29,1,./stim/wavs/andalusian_match_interrogative-total-yn_Manuela-vende-el-carro.wav,./stim/wavs/argentine_match_interrogative-total-yn_Manuela-vende-el-carro.wav,./stim/wavs/castilian_match_interrogative-total-yn_Manuela-vende-el-carro.wav,./stim/wavs/chilean_match_interrogative-total-yn_Manuela-vende-el-carro.wav,./stim/wavs/cuban_match_interrogative-total-yn_Manuela-vende-el-carro.wav,./stim/wavs/mexican_match_interrogative-total-yn_Manuela-vende-el-carro.wav,./stim/wavs/peruvian_match_interrogative-total-yn_Manuela-vende-el-carro.wav,./stim/wavs/puertorican_match_interrogative-total-yn_Manuela-vende-el-carro.wav
30,1,./stim/wavs/andalusian_match_interrogative-total-yn_Maria-bebe-el-vino.wav,./stim/wavs/argentine_match_interrogative-total-yn_Maria-bebe-el-vino.wav,./stim/wavs/castilian_match_interrogative-total-yn_Maria-bebe-el-vino.wav,./stim/wavs/chilean_match_interrogative-total-yn_Maria-bebe-el-vino.wav,./stim/wavs/cuban_match_interrogative-total-yn_Maria-bebe-el-vino.wav,./stim/wavs/mexican_match_interrogative-total-yn_Maria-bebe-el-vino.wav,./stim/wavs/peruvian_match_interrogative-total-yn_Maria-bebe-el-vino.wav,./stim/wavs/puertorican_match_interrogative-total-yn_Maria-bebe-el-vino.wav
31,1,./stim/wavs/andalusian_match_interrogative-total-yn_Mariano-habla-del-tiempo.wav,./stim/wavs/argentine_match_interrogative-total-yn_Mariano-habla-del-tiempo.wav,./stim/wavs/castilian_match_interrogative-total-yn_Mariano-habla-del-tiempo.wav,./stim/wavs/chilean_match_interrogative-total-yn_Mariano-habla-del-tiempo.wav,./stim/wavs/cuban_match_interrogative-total-yn_Mariano-habla-del-tiempo.wav,./stim/wavs/mexican_match_interrogative-total-yn_Mariano-habla-del-tiempo.wav,./stim/wavs/peruvian_match_interrogative-total-yn_Mariano-habla-del-tiempo.wav,./stim/wavs/puertorican_match_interrogative-total-yn_Mariano-habla-del-tiempo.wav
32,1,./stim/wavs/andalusian_match_interrogative-total-yn_Marta-abre-el-regalo.wav,./stim/wavs/argentine_match_interrogative-total-yn_Marta-abre-el-regalo.wav,./stim/wavs/castilian_match_interrogative-total-yn_Marta-abre-el-regalo.wav,./stim/wavs/chilean_match_interrogative-total-yn_Marta-abre-el-regalo.wav,./stim/wavs/cuban_match_interrogative-total-yn_Marta-abre-el-regalo.wav,./stim/wavs/mexican_match_interrogative-total-yn_Marta-abre-el-regalo.wav,./stim/wavs/peruvian_match_interrogative-total-yn_Marta-abre-el-regalo.wav,./stim/wavs/puertorican_match_interrogative-total-yn_Marta-abre-el-regalo.wav
33,0,./stim/wavs/andalusian_mismatch_declarative-broad-focus_El-bebe-comia-muy-bien.wav,./stim/wavs/argentine_mismatch_declarative-broad-focus_El-bebe-comia-muy-bien.wav,./stim/wavs/castilian_mismatch_declarative-broad-focus_El-bebe-comia-muy-bien.wav,./stim/wavs/chilean_mismatch_declarative-broad-focus_El-bebe-comia-muy-bien.wav,./stim/wavs/cuban_mismatch_declarative-broad-focus_El-bebe-comia-muy-bien.wav,./stim/wavs/mexican_mismatch_declarative-broad-focus_El-bebe-comia-muy-bien.wav,./stim/wavs/peruvian_mismatch_declarative-broad-focus_El-bebe-comia-muy-bien.wav,./stim/wavs/puertorican_mismatch_declarative-broad-focus_El-bebe-comia-muy-bien.wav
34,0,./stim/wavs/andalusian_mismatch_declarative-broad-focus_El-hombre-mira-la-luna.wav,./stim/wavs/argentine_mismatch_declarative-broad-focus_El-hombre-mira-la-luna.wav,./stim/wavs/castilian_mismatch_declarative-broad-focus_El-hombre-mira-la-luna.wav,./stim/wavs/chilean_mismatch_declarative-broad-focus_El-hombre-mira-la-luna.wav,./stim/wavs/cuban_mismatch_declarative-broad-focus_El-hombre-mira-la-luna.wav,./stim/wavs/mexican_mismatch_declarative-broad-focus_El-hombre-mira-la-luna.wav,./stim/wavs/peruvian_mismatch_declarative-broad-focus_El-hombre-mira-la-luna.wav,./stim/wavs/puertorican_mismatch_declarative-broad-focus_El-hombre-mira-la-luna.wav
35,0,./stim/wavs/andalusian_mismatch_declarative-broad-focus_El-nino-oye-el-rio.wav,./stim/wavs/argentine_mismatch_declarative-broad-focus_El-nino-oye-el-rio.wav,./stim/wavs/castilian_mismatch_declarative-broad-focus_El-nino-oye-el-rio.wav,./stim/wavs/chilean_mismatch_declarative-broad-focus_El-nino-oye-el-rio.wav,./stim/wavs/cuban_mismatch_declarative-broad-focus_El-nino-oye-el-rio.wav,./stim/wavs/mexican_mismatch_declarative-broad-focus_El-nino-oye-el-rio.wav,./stim/wavs/peruvian_mismatch_declarative-broad-focus_El-nino-oye-el-rio.wav,./stim/wavs/puertorican_mismatch_declarative-broad-focus_El-nino-oye-el-rio.wav
36,0,./stim/wavs/andalusian_mismatch_declarative-broad-focus_La-maestra-vive-en-Paris.wav,./stim/wavs/argentine_mismatch_declarative-broad-focus_La-maestra-vive-en-Paris.wav,./stim/wavs/castilian_mismatch_declarative-broad-focus_La-maestra-vive-en-Paris.wav,./stim/wavs/chilean_mismatch_declarative-broad-focus_La-maestra-vive-en-Paris.wav,./stim/wavs/cuban_mismatch_declarative-broad-focus_La-maestra-vive-en-Paris.wav,./stim/wavs/mexican_mismatch_declarative-broad-focus_La-maestra-vive-en-Paris.wav,./stim/wavs/peruvian_mismatch_declarative-broad-focus_La-maestra-vive-en-Paris.wav,./stim/wavs/puertorican_mismatch_declarative-broad-focus_La-maestra-vive-en-Paris.wav
37,0,./stim/wavs/andalusian_mismatch_declarative-broad-focus_La-nina-lava-el-plato.wav,./stim/wavs/argentine_mismatch_declarative-broad-focus_La-nina-lava-el-plato.wav,./stim/wavs/castilian_mismatch_declarative-broad-focus_La-nina-lava-el-plato.wav,./stim/wavs/chilean_mismatch_declarative-broad-focus_La-nina-lava-el-plato.wav,./stim/wavs/cuban_mismatch_declarative-broad-focus_La-nina-lava-el-plato.wav,./stim/wavs/mexican_mismatch_declarative-broad-focus_La-nina-lava-el-plato.wav,./stim/wavs/peruvian_mismatch_declarative-broad-focus_La-nina-lava-el-plato.wav,./stim/wavs/puertorican_mismatch_declarative-broad-focus_La-nina-lava-el-plato.wav
38,0,./stim/wavs/andalusian_mismatch_declarative-broad-focus_Mi-madre-come-la-fruta.wav,./stim/wavs/argentine_mismatch_declarative-broad-focus_Mi-madre-come-la-fruta.wav,./stim/wavs/castilian_mismatch_declarative-broad-focus_Mi-madre-come-la-fruta.wav,./stim/wavs/chilean_mismatch_declarative-broad-focus_Mi-madre-come-la-fruta.wav,./stim/wavs/cuban_mismatch_declarative-broad-focus_Mi-madre-come-la-fruta.wav,./stim/wavs/mexican_mismatch_declarative-broad-focus_Mi-madre-come-la-fruta.wav,./stim/wavs/peruvian_mismatch_declarative-broad-focus_Mi-madre-come-la-fruta.wav,./stim/wavs/puertorican_mismatch_declarative-broad-focus_Mi-madre-come-la-fruta.wav
39,0,./stim/wavs/andalusian_mismatch_declarative-broad-focus_Mi-novio-viene-del-lago.wav,./stim/wavs/argentine_mismatch_declarative-broad-focus_Mi-novio-viene-del-lago.wav,./stim/wavs/castilian_mismatch_declarative-broad-focus_Mi-novio-viene-del-lago.wav,./stim/wavs/chilean_mismatch_declarative-broad-focus_Mi-novio-viene-del-lago.wav,./stim/wavs/cuban_mismatch_declarative-broad-focus_Mi-novio-viene-del-lago.wav,./stim/wavs/mexican_mismatch_declarative-broad-focus_Mi-novio-viene-del-lago.wav,./stim/wavs/peruvian_mismatch_declarative-broad-focus_Mi-novio-viene-del-lago.wav,./stim/wavs/puertorican_mismatch_declarative-broad-focus_Mi-novio-viene-del-lago.wav
40,0,./stim/wavs/andalusian_mismatch_declarative-broad-focus_Mi-tia-odia-la-lluvia.wav,./stim/wavs/argentine_mismatch_declarative-broad-focus_Mi-tia-odia-la-lluvia.wav,./stim/wavs/castilian_mismatch_declarative-broad-focus_Mi-tia-odia-la-lluvia.wav,./stim/wavs/chilean_mismatch_declarative-broad-focus_Mi-tia-odia-la-lluvia.wav,./stim/wavs/cuban_mismatch_declarative-broad-focus_Mi-tia-odia-la-lluvia.wav,./stim/wavs/mexican_mismatch_declarative-broad-focus_Mi-tia-odia-la-lluvia.wav,./stim/wavs/peruvian_mismatch_declarative-broad-focus_Mi-tia-odia-la-lluvia.wav,./stim/wavs/puertorican_mismatch_declarative-broad-focus_Mi-tia-odia-la-lluvia.wav
41,0,./stim/wavs/andalusian_mismatch_declarative-narrow-focus_El-bebe-comia-muy-bien.wav,./stim/wavs/argentine_mismatch_declarative-narrow-focus_El-bebe-comia-muy-bien.wav,./stim/wavs/castilian_mismatch_declarative-narrow-focus_El-bebe-comia-muy-bien.wav,./stim/wavs/chilean_mismatch_declarative-narrow-focus_El-bebe-comia-muy-bien.wav,./stim/wavs/cuban_mismatch_declarative-narrow-focus_El-bebe-comia-muy-bien.wav,./stim/wavs/mexican_mismatch_declarative-narrow-focus_El-bebe-comia-muy-bien.wav,./stim/wavs/peruvian_mismatch_declarative-narrow-focus_El-bebe-comia-muy-bien.wav,./stim/wavs/puertorican_mismatch_declarative-narrow-focus_El-bebe-comia-muy-bien.wav
42,0,./stim/wavs/andalusian_mismatch_declarative-narrow-focus_El-hombre-mira-la-luna.wav,./stim/wavs/argentine_mismatch_declarative-narrow-focus_El-hombre-mira-la-luna.wav,./stim/wavs/castilian_mismatch_declarative-narrow-focus_El-hombre-mira-la-luna.wav,./stim/wavs/chilean_mismatch_declarative-narrow-focus_El-hombre-mira-la-luna.wav,./stim/wavs/cuban_mismatch_declarative-narrow-focus_El-hombre-mira-la-luna.wav,./stim/wavs/mexican_mismatch_declarative-narrow-focus_El-hombre-mira-la-luna.wav,./stim/wavs/peruvian_mismatch_declarative-narrow-focus_El-hombre-mira-la-luna.wav,./stim/wavs/puertorican_mismatch_declarative-narrow-focus_El-hombre-mira-la-luna.wav
43,0,./stim/wavs/andalusian_mismatch_declarative-narrow-focus_El-nino-oye-el-rio.wav,./stim/wavs/argentine_mismatch_declarative-narrow-focus_El-nino-oye-el-rio.wav,./stim/wavs/castilian_mismatch_declarative-narrow-focus_El-nino-oye-el-rio.wav,./stim/wavs/chilean_mismatch_declarative-narrow-focus_El-nino-oye-el-rio.wav,./stim/wavs/cuban_mismatch_declarative-narrow-focus_El-nino-oye-el-rio.wav,./stim/wavs/mexican_mismatch_declarative-narrow-focus_El-nino-oye-el-rio.wav,./stim/wavs/peruvian_mismatch_declarative-narrow-focus_El-nino-oye-el-rio.wav,./stim/wavs/puertorican_mismatch_declarative-narrow-focus_El-nino-oye-el-rio.wav
44,0,./stim/wavs/andalusian_mismatch_declarative-narrow-focus_La-maestra-vive-en-Paris.wav,./stim/wavs/argentine_mismatch_declarative-narrow-focus_La-maestra-vive-en-Paris.wav,./stim/wavs/castilian_mismatch_declarative-narrow-focus_La-maestra-vive-en-Paris.wav,./stim/wavs/chilean_mismatch_declarative-narrow-focus_La-maestra-vive-en-Paris.wav,./stim/wavs/cuban_mismatch_declarative-narrow-focus_La-maestra-vive-en-Paris.wav,./stim/wavs/mexican_mismatch_declarative-narrow-focus_La-maestra-vive-en-Paris.wav,./stim/wavs/peruvian_mismatch_declarative-narrow-focus_La-maestra-vive-en-Paris.wav,./stim/wavs/puertorican_mismatch_declarative-narrow-focus_La-maestra-vive-en-Paris.wav
45,0,./stim/wavs/andalusian_mismatch_declarative-narrow-focus_La-nina-lava-el-plato.wav,./stim/wavs/argentine_mismatch_declarative-narrow-focus_La-nina-lava-el-plato.wav,./stim/wavs/castilian_mismatch_declarative-narrow-focus_La-nina-lava-el-plato.wav,./stim/wavs/chilean_mismatch_declarative-narrow-focus_La-nina-lava-el-plato.wav,./stim/wavs/cuban_mismatch_declarative-narrow-focus_La-nina-lava-el-plato.wav,./stim/wavs/mexican_mismatch_declarative-narrow-focus_La-nina-lava-el-plato.wav,./stim/wavs/peruvian_mismatch_declarative-narrow-focus_La-nina-lava-el-plato.wav,./stim/wavs/puertorican_mismatch_declarative-narrow-focus_La-nina-lava-el-plato.wav
46,0,./stim/wavs/andalusian_mismatch_declarative-narrow-focus_Mi-madre-come-la-fruta.wav,./stim/wavs/argentine_mismatch_declarative-narrow-focus_Mi-madre-come-la-fruta.wav,./stim/wavs/castilian_mismatch_declarative-narrow-focus_Mi-madre-come-la-fruta.wav,./stim/wavs/chilean_mismatch_declarative-narrow-focus_Mi-madre-come-la-fruta.wav,./stim/wavs/cuban_mismatch_declarative-narrow-focus_Mi-madre-come-la-fruta.wav,./stim/wavs/mexican_mismatch_declarative-narrow-focus_Mi-madre-come-la-fruta.wav,./stim/wavs/peruvian_mismatch_declarative-narrow-focus_Mi-madre-come-la-fruta.wav,./stim/wavs/puertorican_mismatch_declarative-narrow-focus_Mi-madre-come-la-fruta.wav
47,0,./stim/wavs/andalusian_mismatch_declarative-narrow-focus_Mi-novio-viene-del-lago.wav,./stim/wavs/argentine_mismatch_declarative-narrow-focus_Mi-novio-viene-del-lago.wav,./stim/wavs/castilian_mismatch_declarative-narrow-focus_Mi-novio-viene-del-lago.wav,./stim/wavs/chilean_mismatch_declarative-narrow-focus_Mi-novio-viene-del-lago.wav,./stim/wavs/cuban_mismatch_declarative-narrow-focus_Mi-novio-viene-del-lago.wav,./stim/wavs/mexican_mismatch_declarative-narrow-focus_Mi-novio-viene-del-lago.wav,./stim/wavs/peruvian_mismatch_declarative-narrow-focus_Mi-novio-viene-del-lago.wav,./stim/wavs/puertorican_mismatch_declarative-narrow-focus_Mi-novio-viene-del-lago.wav
48,0,./stim/wavs/andalusian_mismatch_declarative-narrow-focus_Mi-tia-odia-la-lluvia.wav,./stim/wavs/argentine_mismatch_declarative-narrow-focus_Mi-tia-odia-la-lluvia.wav,./stim/wavs/castilian_mismatch_declarative-narrow-focus_Mi-tia-odia-la-lluvia.wav,./stim/wavs/chilean_mismatch_declarative-narrow-focus_Mi-tia-odia-la-lluvia.wav,./stim/wavs/cuban_mismatch_declarative-narrow-focus_Mi-tia-odia-la-lluvia.wav,./stim/wavs/mexican_mismatch_declarative-narrow-focus_Mi-tia-odia-la-lluvia.wav,./stim/wavs/peruvian_mismatch_declarative-narrow-focus_Mi-tia-odia-la-lluvia.wav,./stim/wavs/puertorican_mismatch_declarative-narrow-focus_Mi-tia-odia-la-lluvia.wav
49,1,./stim/wavs/andalusian_mismatch_interrogative-partial-wh_Cuando-comia-la-fruta.wav,./stim/wavs/argentine_mismatch_interrogative-partial-wh_Cuando-comia-la-fruta.wav,./stim/wavs/castilian_mismatch_interrogative-partial-wh_Cuando-comia-la-fruta.wav,./stim/wavs/chilean_mismatch_interrogative-partial-wh_Cuando-comia-la-fruta.wav,./stim/wavs/cuban_mismatch_interrogative-partial-wh_Cuando-comia-la-fruta.wav,./stim/wavs/mexican_mismatch_interrogative-partial-wh_Cuando-comia-la-fruta.wav,./stim/wavs/peruvian_mismatch_interrogative-partial-wh_Cuando-comia-la-fruta.wav,./stim/wavs/puertorican_mismatch_interrogative-partial-wh_Cuando-comia-la-fruta.wav
50,1,./stim/wavs/andalusian_mismatch_interrogative-partial-wh_Cuando-lavaba-el-plato.wav,./stim/wavs/argentine_mismatch_interrogative-partial-wh_Cuando-lavaba-el-plato.wav,./stim/wavs/castilian_mismatch_interrogative-partial-wh_Cuando-lavaba-el-plato.wav,./stim/wavs/chilean_mismatch_interrogative-partial-wh_Cuando-lavaba-el-plato.wav,./stim/wavs/cuban_mismatch_interrogative-partial-wh_Cuando-lavaba-el-plato.wav,./stim/wavs/mexican_mismatch_interrogative-partial-wh_Cuando-lavaba-el-plato.wav,./stim/wavs/peruvian_mismatch_interrogative-partial-wh_Cuando-lavaba-el-plato.wav,./stim/wavs/puertorican_mismatch_interrogative-partial-wh_Cuando-lavaba-el-plato.wav
51,1,./stim/wavs/andalusian_mismatch_interrogative-partial-wh_Cuando-miraba-la-luna.wav,./stim/wavs/argentine_mismatch_interrogative-partial-wh_Cuando-miraba-la-luna.wav,./stim/wavs/castilian_mismatch_interrogative-partial-wh_Cuando-miraba-la-luna.wav,./stim/wavs/chilean_mismatch_interrogative-partial-wh_Cuando-miraba-la-luna.wav,./stim/wavs/cuban_mismatch_interrogative-partial-wh_Cuando-miraba-la-luna.wav,./stim/wavs/mexican_mismatch_interrogative-partial-wh_Cuando-miraba-la-luna.wav,./stim/wavs/peruvian_mismatch_interrogative-partial-wh_Cuando-miraba-la-luna.wav,./stim/wavs/puertorican_mismatch_interrogative-partial-wh_Cuando-miraba-la-luna.wav
52,1,./stim/wavs/andalusian_mismatch_interrogative-partial-wh_Por-que-desayuna-muy-bien.wav,./stim/wavs/argentine_mismatch_interrogative-partial-wh_Por-que-desayuna-muy-bien.wav,./stim/wavs/castilian_mismatch_interrogative-partial-wh_Por-que-desayuna-muy-bien.wav,./stim/wavs/chilean_mismatch_interrogative-partial-wh_Por-que-desayuna-muy-bien.wav,./stim/wavs/cuban_mismatch_interrogative-partial-wh_Por-que-desayuna-muy-bien.wav,./stim/wavs/mexican_mismatch_interrogative-partial-wh_Por-que-desayuna-muy-bien.wav,./stim/wavs/peruvian_mismatch_interrogative-partial-wh_Por-que-desayuna-muy-bien.wav,./stim/wavs/puertorican_mismatch_interrogative-partial-wh_Por-que-desayuna-muy-bien.wav
53,1,./stim/wavs/andalusian_mismatch_interrogative-partial-wh_Por-que-odiaba-la-lluvia.wav,./stim/wavs/argentine_mismatch_interrogative-partial-wh_Por-que-odiaba-la-lluvia.wav,./stim/wavs/castilian_mismatch_interrogative-partial-wh_Por-que-odiaba-la-lluvia.wav,./stim/wavs/chilean_mismatch_interrogative-partial-wh_Por-que-odiaba-la-lluvia.wav,./stim/wavs/cuban_mismatch_interrogative-partial-wh_Por-que-odiaba-la-lluvia.wav,./stim/wavs/mexican_mismatch_interrogative-partial-wh_Por-que-odiaba-la-lluvia.wav,./stim/wavs/peruvian_mismatch_interrogative-partial-wh_Por-que-odiaba-la-lluvia.wav,./stim/wavs/puertorican_mismatch_interrogative-partial-wh_Por-que-odiaba-la-lluvia.wav
54,1,./stim/wavs/andalusian_mismatch_interrogative-partial-wh_Por-que-oia-el-rio.wav,./stim/wavs/argentine_mismatch_interrogative-partial-wh_Por-que-oia-el-rio.wav,./stim/wavs/castilian_mismatch_interrogative-partial-wh_Por-que-oia-el-rio.wav,./stim/wavs/chilean_mismatch_interrogative-partial-wh_Por-que-oia-el-rio.wav,./stim/wavs/cuban_mismatch_interrogative-partial-wh_Por-que-oia-el-rio.wav,./stim/wavs/mexican_mismatch_interrogative-partial-wh_Por-que-oia-el-rio.wav,./stim/wavs/peruvian_mismatch_interrogative-partial-wh_Por-que-oia-el-rio.wav,./stim/wavs/puertorican_mismatch_interrogative-partial-wh_Por-que-oia-el-rio.wav
55,1,./stim/wavs/andalusian_mismatch_interrogative-partial-wh_Por-que-venia-del-lago.wav,./stim/wavs/argentine_mismatch_interrogative-partial-wh_Por-que-venia-del-lago.wav,./stim/wavs/castilian_mismatch_interrogative-partial-wh_Por-que-venia-del-lago.wav,./stim/wavs/chilean_mismatch_interrogative-partial-wh_Por-que-venia-del-lago.wav,./stim/wavs/cuban_mismatch_interrogative-partial-wh_Por-que-venia-del-lago.wav,./stim/wavs/mexican_mismatch_interrogative-partial-wh_Por-que-venia-del-lago.wav,./stim/wavs/peruvian_mismatch_interrogative-partial-wh_Por-que-venia-del-lago.wav,./stim/wavs/puertorican_mismatch_interrogative-partial-wh_Por-que-venia-del-lago.wav
56,1,./stim/wavs/andalusian_mismatch_interrogative-partial-wh_Por-que-vivia-en-Paris.wav,./stim/wavs/argentine_mismatch_interrogative-partial-wh_Por-que-vivia-en-Paris.wav,./stim/wavs/castilian_mismatch_interrogative-partial-wh_Por-que-vivia-en-Paris.wav,./stim/wavs/chilean_mismatch_interrogative-partial-wh_Por-que-vivia-en-Paris.wav,./stim/wavs/cuban_mismatch_interrogative-partial-wh_Por-que-vivia-en-Paris.wav,./stim/wavs/mexican_mismatch_interrogative-partial-wh_Por-que-vivia-en-Paris.wav,./stim/wavs/peruvian_mismatch_interrogative-partial-wh_Por-que-vivia-en-Paris.wav,./stim/wavs/puertorican_mismatch_interrogative-partial-wh_Por-que-vivia-en-Paris.wav
57,1,./stim/wavs/andalusian_mismatch_interrogative-total-yn_El-bebe-comia-muy-bien.wav,./stim/wavs/argentine_mismatch_interrogative-total-yn_El-bebe-comia-muy-bien.wav,./stim/wavs/castilian_mismatch_interrogative-total-yn_El-bebe-comia-muy-bien.wav,./stim/wavs/chilean_mismatch_interrogative-total-yn_El-bebe-comia-muy-bien.wav,./stim/wavs/cuban_mismatch_interrogative-total-yn_El-bebe-comia-muy-bien.wav,./stim/wavs/mexican_mismatch_interrogative-total-yn_El-bebe-comia-muy-bien.wav,./stim/wavs/peruvian_mismatch_interrogative-total-yn_El-bebe-comia-muy-bien.wav,./stim/wavs/puertorican_mismatch_interrogative-total-yn_El-bebe-comia-muy-bien.wav
58,1,./stim/wavs/andalusian_mismatch_interrogative-total-yn_El-hombre-mira-la-luna.wav,./stim/wavs/argentine_mismatch_interrogative-total-yn_El-hombre-mira-la-luna.wav,./stim/wavs/castilian_mismatch_interrogative-total-yn_El-hombre-mira-la-luna.wav,./stim/wavs/chilean_mismatch_interrogative-total-yn_El-hombre-mira-la-luna.wav,./stim/wavs/cuban_mismatch_interrogative-total-yn_El-hombre-mira-la-luna.wav,./stim/wavs/mexican_mismatch_interrogative-total-yn_El-hombre-mira-la-luna.wav,./stim/wavs/peruvian_mismatch_interrogative-total-yn_El-hombre-mira-la-luna.wav,./stim/wavs/puertorican_mismatch_interrogative-total-yn_El-hombre-mira-la-luna.wav
59,1,./stim/wavs/andalusian_mismatch_interrogative-total-yn_El-nino-oye-el-rio.wav,./stim/wavs/argentine_mismatch_interrogative-total-yn_El-nino-oye-el-rio.wav,./stim/wavs/castilian_mismatch_interrogative-total-yn_El-nino-oye-el-rio.wav,./stim/wavs/chilean_mismatch_interrogative-total-yn_El-nino-oye-el-rio.wav,./stim/wavs/cuban_mismatch_interrogative-total-yn_El-nino-oye-el-rio.wav,./stim/wavs/mexican_mismatch_interrogative-total-yn_El-nino-oye-el-rio.wav,./stim/wavs/peruvian_mismatch_interrogative-total-yn_El-nino-oye-el-rio.wav,./stim/wavs/puertorican_mismatch_interrogative-total-yn_El-nino-oye-el-rio.wav
60,1,./stim/wavs/andalusian_mismatch_interrogative-total-yn_La-maestra-vive-en-Paris.wav,./stim/wavs/argentine_mismatch_interrogative-total-yn_La-maestra-vive-en-Paris.wav,./stim/wavs/castilian_mismatch_interrogative-total-yn_La-maestra-vive-en-Paris.wav,./stim/wavs/chilean_mismatch_interrogative-total-yn_La-maestra-vive-en-Paris.wav,./stim/wavs/cuban_mismatch_interrogative-total-yn_La-maestra-vive-en-Paris.wav,./stim/wavs/mexican_mismatch_interrogative-total-yn_La-maestra-vive-en-Paris.wav,./stim/wavs/peruvian_mismatch_interrogative-total-yn_La-maestra-vive-en-Paris.wav,./stim/wavs/puertorican_mismatch_interrogative-total-yn_La-maestra-vive-en-Paris.wav
61,1,./stim/wavs/andalusian_mismatch_interrogative-total-yn_La-nina-lava-el-plato.wav,./stim/wavs/argentine_mismatch_interrogative-total-yn_La-nina-lava-el-plato.wav,./stim/wavs/castilian_mismatch_interrogative-total-yn_La-nina-lava-el-plato.wav,./stim/wavs/chilean_mismatch_interrogative-total-yn_La-nina-lava-el-plato.wav,./stim/wavs/cuban_mismatch_interrogative-total-yn_La-nina-lava-el-plato.wav,./stim/wavs/mexican_mismatch_interrogative-total-yn_La-nina-lava-el-plato.wav,./stim/wavs/peruvian_mismatch_interrogative-total-yn_La-nina-lava-el-plato.wav,./stim/wavs/puertorican_mismatch_interrogative-total-yn_La-nina-lava-el-plato.wav
62,1,./stim/wavs/andalusian_mismatch_interrogative-total-yn_Mi-madre-come-la-fruta.wav,./stim/wavs/argentine_mismatch_interrogative-total-yn_Mi-madre-come-la-fruta.wav,./stim/wavs/castilian_mismatch_interrogative-total-yn_Mi-madre-come-la-fruta.wav,./stim/wavs/chilean_mismatch_interrogative-total-yn_Mi-madre-come-la-fruta.wav,./stim/wavs/cuban_mismatch_interrogative-total-yn_Mi-madre-come-la-fruta.wav,./stim/wavs/mexican_mismatch_interrogative-total-yn_Mi-madre-come-la-fruta.wav,./stim/wavs/peruvian_mismatch_interrogative-total-yn_Mi-madre-come-la-fruta.wav,./stim/wavs/puertorican_mismatch_interrogative-total-yn_Mi-madre-come-la-fruta.wav
63,1,./stim/wavs/andalusian_mismatch_interrogative-total-yn_Mi-novio-viene-del-lago.wav,./stim/wavs/argentine_mismatch_interrogative-total-yn_Mi-novio-viene-del-lago.wav,./stim/wavs/castilian_mismatch_interrogative-total-yn_Mi-novio-viene-del-lago.wav,./stim/wavs/chilean_mismatch_interrogative-total-yn_Mi-novio-viene-del-lago.wav,./stim/wavs/cuban_mismatch_interrogative-total-yn_Mi-novio-viene-del-lago.wav,./stim/wavs/mexican_mismatch_interrogative-total-yn_Mi-novio-viene-del-lago.wav,./stim/wavs/peruvian_mismatch_interrogative-total-yn_Mi-novio-viene-del-lago.wav,./stim/wavs/puertorican_mismatch_interrogative-total-yn_Mi-novio-viene-del-lago.wav
64,1,./stim/wavs/andalusian_mismatch_interrogative-total-yn_Mi-tia-odia-la-lluvia.wav,./stim/wavs/argentine_mismatch_interrogative-total-yn_Mi-tia-odia-la-lluvia.wav,./stim/wavs/castilian_mismatch_interrogative-total-yn_Mi-tia-odia-la-lluvia.wav,./stim/wavs/chilean_mismatch_interrogative-total-yn_Mi-tia-odia-la-lluvia.wav,./stim/wavs/cuban_mismatch_interrogative-total-yn_Mi-tia-odia-la-lluvia.wav,./stim/wavs/mexican_mismatch_interrogative-total-yn_Mi-tia-odia-la-lluvia.wav,./stim/wavs/peruvian_mismatch_interrogative-total-yn_Mi-tia-odia-la-lluvia.wav,./stim/wavs/puertorican_mismatch_interrogative-total-yn_Mi-tia-odia-la-lluvia.wav
